{
  "project": "NCOS v21 Phoenix Mesh",
  "analysis_date": "2025-06-21T17:00:16.152390",
  "components_discovered": {
    "pydantic_models": 56,
    "wyckoff_components": 38,
    "charting_modules": 16,
    "memory_systems": 28,
    "agent_specifications": 4
  },
  "architecture_highlights": [
    "Unified Pydantic schema system with 56 models",
    "Comprehensive Wyckoff implementation (38 components)",
    "Advanced vector memory with compression (12 systems)",
    "Native charting with action hooks (16 modules)",
    "Single-session constraints with token budgeting",
    "Hot-swappable agent architecture"
  ],
  "deliverables": {
    "architecture_doc": "NCOS_v21_ARCHITECTURE.md",
    "unified_schemas": "schemas/unified_schemas.py",
    "workspace_config": "config/workspace_config.yaml",
    "migration_matrix": "MIGRATION_MATRIX.json"
  },
  "next_actions": [
    "Review architecture document",
    "Validate unified schemas",
    "Start phase 1 implementation",
    "Set up development environment"
  ]
}