{
  "_COMMENT": "Point values assume USD account unless live rate conversion is added. Values are per standard lot based on smallest price increment.",
  "_DEFAULT_": { "point_value": 1.0, "decimals": 5, "comment": "Fallback FX Major (e.g., EURUSD)" },
  "EURUSD": { "point_value": 1.0, "decimals": 5 },
  "GBPUSD": { "point_value": 1.0, "decimals": 5 },
  "AUDUSD": { "point_value": 1.0, "decimals": 5 },
  "NZDUSD": { "point_value": 1.0, "decimals": 5 },
  "USDCAD": { "point_value": 1.0, "decimals": 5, "quote_currency": "CAD", "comment": "Needs 1/USDCAD rate" },
  "USDCHF": { "point_value": 1.0, "decimals": 5, "quote_currency": "CHF", "comment": "Needs 1/USDCHF rate" },
  "USDJPY": { "point_value": 1000.0, "decimals": 3, "quote_currency": "JPY", "comment": "Value is 100 JPY/pt. Needs JPYUSD rate." },
  "EURJPY": { "point_value": 1000.0, "decimals": 3, "quote_currency": "JPY", "comment": "Needs JPYUSD rate" },
  "GBPJPY": { "point_value": 1000.0, "decimals": 3, "quote_currency": "JPY", "comment": "Needs JPYUSD rate" },
  "AUDJPY": { "point_value": 1000.0, "decimals": 3, "quote_currency": "JPY", "comment": "Needs JPYUSD rate" },
  "NZDJPY": { "point_value": 1000.0, "decimals": 3, "quote_currency": "JPY", "comment": "Needs JPYUSD rate" },
  "CADJPY": { "point_value": 1000.0, "decimals": 3, "quote_currency": "JPY", "comment": "Needs JPYUSD rate" },
  "CHFJPY": { "point_value": 1000.0, "decimals": 3, "quote_currency": "JPY", "comment": "Needs JPYUSD rate" },
  "EURGBP": { "point_value": 1.0, "decimals": 5, "quote_currency": "GBP", "comment": "Needs GBPUSD rate" },
  "EURCHF": { "point_value": 1.0, "decimals": 5, "quote_currency": "CHF", "comment": "Needs USDCHF rate" },
  "EURAUD": { "point_value": 1.0, "decimals": 5, "quote_currency": "AUD", "comment": "Needs AUDUSD rate" },
  "EURCAD": { "point_value": 1.0, "decimals": 5, "quote_currency": "CAD", "comment": "Needs USDCAD rate" },
  "EURNZD": { "point_value": 1.0, "decimals": 5, "quote_currency": "NZD", "comment": "Needs NZDUSD rate" },
  "GBPAUD": { "point_value": 1.0, "decimals": 5, "quote_currency": "AUD", "comment": "Needs AUDUSD rate" },
  "GBPCAD": { "point_value": 1.0, "decimals": 5, "quote_currency": "CAD", "comment": "Needs USDCAD rate" },
  "GBPCHF": { "point_value": 1.0, "decimals": 5, "quote_currency": "CHF", "comment": "Needs USDCHF rate" },
  "GBPNZD": { "point_value": 1.0, "decimals": 5, "quote_currency": "NZD", "comment": "Needs NZDUSD rate" },
  "AUDCAD": { "point_value": 1.0, "decimals": 5, "quote_currency": "CAD", "comment": "Needs USDCAD rate" },
  "AUDCHF": { "point_value": 1.0, "decimals": 5, "quote_currency": "CHF", "comment": "Needs USDCHF rate" },
  "AUDNZD": { "point_value": 1.0, "decimals": 5, "quote_currency": "NZD", "comment": "Needs NZDUSD rate" },
  "CADCHF": { "point_value": 1.0, "decimals": 5, "quote_currency": "CHF", "comment": "Needs USDCHF rate" },
  "NZDCAD": { "point_value": 1.0, "decimals": 5, "quote_currency": "CAD", "comment": "Needs USDCAD rate" },
  "NZDCHF": { "point_value": 1.0, "decimals": 5, "quote_currency": "CHF", "comment": "Needs USDCHF rate" },
  "XAUUSD": { "point_value": 1.0, "decimals": 2, "comment": "Assumes 100oz lot" },
  "XAGUSD": { "point_value": 5.0, "decimals": 3, "comment": "Assumes 5000oz lot, verify decimals" },
  "US500": { "point_value": 1.0, "decimals": 2, "comment": "Verify contract multiplier" },
  "USTEC": { "point_value": 1.0, "decimals": 2, "comment": "Verify contract multiplier" },
  "US30": { "point_value": 1.0, "decimals": 2, "comment": "Verify contract multiplier" },
  "DE40": { "point_value": 1.0, "decimals": 2, "quote_currency": "EUR", "comment": "Needs EURUSD rate" },
  "UK100": { "point_value": 1.0, "decimals": 2, "quote_currency": "GBP", "comment": "Needs GBPUSD rate" },
  "JP225": { "point_value": 1.0, "decimals": 2, "quote_currency": "JPY", "comment": "Needs JPYUSD rate" },
  "AUS200": { "point_value": 1.0, "decimals": 1, "quote_currency": "AUD", "comment": "Needs AUDUSD rate" },
  "BTCUSD": { "point_value": 1.0, "decimals": 2 },
  "ETHUSD": { "point_value": 1.0, "decimals": 2 },
  "WTI": { "point_value": 1.0, "decimals": 2, "comment": "Verify contract size/value" },
  "BRENT": { "point_value": 1.0, "decimals": 2, "comment": "Verify contract size/value" }
}
