{
  "phase": "Phase 2 - Strategy Integration",
  "status": "Complete",
  "enhancements": [
    "DivergenceStrategyAgent now uses Predictive Engine",
    "Quality-based trade filtering (only B-grade or better)",
    "Dynamic risk adjustment based on setup grade",
    "Comprehensive feature extraction from market data",
    "Conflict detection with active trades",
    "Detailed statistics tracking by grade"
  ],
  "new_features": [
    "Simulated pattern detection context",
    "Grade-based position sizing multipliers",
    "Enhanced logging with quality metrics",
    "Trade metadata includes setup grade and score"
  ],
  "configuration": {
    "min_grade_to_trade": "B",
    "grade_risk_multipliers": {
      "A": "120% risk",
      "B": "100% risk",
      "C": "70% risk",
      "D": "No trade"
    }
  },
  "testing": "Run test_predictive_engine.py to verify functionality"
}