{
  "project": "NCOS Predictive Engine",
  "version": "1.0.0",
  "status": "Complete",
  "phases_completed": [
    {
      "phase": 1,
      "name": "Core Implementation",
      "components": [
        "ncos_predictive_engine.py",
        "ncos_predictive_schemas.py",
        "ncos_feature_extractor.py",
        "ncos_data_enricher.py"
      ]
    },
    {
      "phase": 2,
      "name": "Strategy Integration",
      "components": [
        "Enhanced DivergenceStrategyAgent",
        "Quality-based trade filtering",
        "Dynamic risk adjustment"
      ]
    },
    {
      "phase": 3,
      "name": "Testing & Validation",
      "components": [
        "backtesting/engine.py",
        "grade_analysis_dashboard.py",
        "validate_predictive.py"
      ]
    }
  ],
  "key_features": [
    "7-factor quality scoring",
    "A/B/C/D grade assignment",
    "Intelligent trade filtering",
    "Dynamic position sizing",
    "Conflict detection",
    "Performance analytics"
  ],
  "files_created": [
    "ncos_predictive_engine.py",
    "ncos_predictive_schemas.py",
    "ncos_feature_extractor.py",
    "ncos_data_enricher.py",
    "ncos_divergence_strategy_agent.py",
    "backtesting/engine.py",
    "grade_analysis_dashboard.py",
    "validate_predictive.py",
    "test_predictive_engine.py",
    "scripts/quick_start_predictive.py",
    "PREDICTIVE_ENGINE_GUIDE.md",
    "config/predictive_engine_config.yaml",
    "config/agents.yaml (updated)"
  ],
  "quick_start": "Run 'python scripts/quick_start_predictive.py' to begin"
}