{
  "phase": "Phase 1 - Core Infrastructure",
  "status": "Complete",
  "modules_created": [
    "ncos_predictive_schemas.py - Pydantic models for validation",
    "ncos_predictive_engine.py - Main orchestrator with scoring and journaling",
    "ncos_feature_extractor.py - Feature extraction from market data",
    "ncos_data_enricher.py - Data enrichment pipeline"
  ],
  "configuration": "config/predictive_engine_config.yaml",
  "key_features": [
    "Multi-factor maturity scoring (7 factors)",
    "A/B/C/D grading system",
    "Conflict detection with active trades",
    "Predictive journaling with JSON/YAML support",
    "Data enrichment with technical indicators",
    "Spread stability tracking",
    "HTF alignment calculation"
  ],
  "next_phase": "Phase 2 - Integration with DivergenceStrategyAgent"
}